EnrollmentID ,EnrollDate                ,QuizScore ,EmployeeID ,CourseID
         718 ,2021-03-17 05:30:00+05:30 ,    83.57 ,       901 ,       1
         385 ,2023-10-18 05:30:00+05:30 ,    80.89 ,       176 ,       1
         683 ,2021-05-25 05:30:00+05:30 ,    77.03 ,       781 ,       1
         404 ,2021-11-18 05:30:00+05:30 ,    96.52 ,       864 ,       2
         345 ,2023-04-11 05:30:00+05:30 ,    94.53 ,       595 ,       2
         234 ,2022-11-08 05:30:00+05:30 ,    84.06 ,       747 ,       2
         112 ,2022-03-02 05:30:00+05:30 ,    67.09 ,       383 ,       3
         432 ,2022-12-11 05:30:00+05:30 ,    28.98 ,        94 ,       3
          37 ,2023-09-14 05:30:00+05:30 ,    22.17 ,       677 ,       3
         606 ,2024-02-12 05:30:00+05:30 ,    98.69 ,       373 ,       4
         187 ,2020-08-05 05:30:00+05:30 ,    97.97 ,       917 ,       4
         808 ,2024-09-28 05:30:00+05:30 ,    96.15 ,       681 ,       4
          73 ,2024-02-09 05:30:00+05:30 ,    86.59 ,       853 ,       5
         805 ,2022-02-25 05:30:00+05:30 ,    83.5  ,       369 ,       5
         386 ,2020-04-01 05:30:00+05:30 ,    67.27 ,       284 ,       5
         314 ,2023-03-16 05:30:00+05:30 ,    82.2  ,       557 ,       6
         930 ,2023-12-31 05:30:00+05:30 ,    74.37 ,       347 ,       6
         770 ,2021-07-14 05:30:00+05:30 ,    71.13 ,       636 ,       6
         849 ,2024-03-12 05:30:00+05:30 ,    85.65 ,        13 ,       7
         159 ,2023-01-17 05:30:00+05:30 ,    66.6  ,        32 ,       7
          80 ,2022-12-21 05:30:00+05:30 ,    52.43 ,       928 ,       7
         171 ,2024-02-02 05:30:00+05:30 ,    91.34 ,       765 ,       8
         463 ,2023-10-14 05:30:00+05:30 ,    77.38 ,       515 ,       8
         905 ,2021-05-17 05:30:00+05:30 ,    64.67 ,       415 ,       8
         956 ,2020-10-19 05:30:00+05:30 ,    96.36 ,       661 ,       9
         267 ,2022-04-11 05:30:00+05:30 ,    89.55 ,       880 ,       9
          31 ,2020-03-04 05:30:00+05:30 ,    85.86 ,       546 ,       9
         675 ,2021-05-10 05:30:00+05:30 ,    76.55 ,       317 ,      10
         265 ,2020-11-13 05:30:00+05:30 ,    60.62 ,        90 ,      10
         707 ,2022-05-10 05:30:00+05:30 ,    34.72 ,       707 ,      10
         780 ,2023-01-19 05:30:00+05:30 ,    85.83 ,       901 ,      11
         456 ,2020-09-22 05:30:00+05:30 ,    72.51 ,       676 ,      11
         356 ,2023-04-16 05:30:00+05:30 ,    67.1  ,       584 ,      11
         724 ,2024-05-29 05:30:00+05:30 ,    91.15 ,       457 ,      12
          33 ,2024-07-29 05:30:00+05:30 ,    65.31 ,       971 ,      12
         689 ,2021-01-06 05:30:00+05:30 ,    64.4  ,       971 ,      12
         359 ,2021-07-20 05:30:00+05:30 ,    96.43 ,       404 ,      13
         409 ,2020-01-24 05:30:00+05:30 ,    88.7  ,        42 ,      13
         542 ,2022-03-26 05:30:00+05:30 ,    84.06 ,       485 ,      13
         186 ,2020-11-29 05:30:00+05:30 ,    97.23 ,        36 ,      14
         809 ,2020-04-19 05:30:00+05:30 ,    83.08 ,       515 ,      14
         923 ,2022-06-24 05:30:00+05:30 ,    77.63 ,       230 ,      14
         174 ,2023-03-25 05:30:00+05:30 ,    92.66 ,       798 ,      15
         937 ,2022-03-12 05:30:00+05:30 ,    71.25 ,       951 ,      15
         367 ,2020-05-22 05:30:00+05:30 ,    70.01 ,        70 ,      15
         815 ,2024-06-24 05:30:00+05:30 ,    91.16 ,       268 ,      16
         752 ,2021-03-24 05:30:00+05:30 ,    80.61 ,        79 ,      16
         730 ,2023-11-12 05:30:00+05:30 ,     6.64 ,       169 ,      16
         214 ,2022-11-25 05:30:00+05:30 ,    94.24 ,       472 ,      17
           1 ,2021-11-02 05:30:00+05:30 ,    93.69 ,         2 ,      17
         122 ,2023-08-11 05:30:00+05:30 ,    48.87 ,       754 ,      17
         593 ,2022-08-12 05:30:00+05:30 ,    93.55 ,       985 ,      18
         147 ,2021-06-02 05:30:00+05:30 ,    87.93 ,       914 ,      18
         522 ,2020-04-01 05:30:00+05:30 ,    76.28 ,       651 ,      18
         491 ,2023-08-09 05:30:00+05:30 ,    95.54 ,       506 ,      19
         733 ,2021-09-15 05:30:00+05:30 ,    94.78 ,        25 ,      19
         140 ,2022-12-26 05:30:00+05:30 ,    84.97 ,       569 ,      19
         337 ,2020-05-23 05:30:00+05:30 ,    86.19 ,       123 ,      20
         585 ,2022-12-23 05:30:00+05:30 ,    74.93 ,       856 ,      20
         603 ,2023-03-13 05:30:00+05:30 ,    60.79 ,       521 ,      20
         237 ,2023-04-13 05:30:00+05:30 ,    96.86 ,       504 ,      21
         663 ,2023-09-26 05:30:00+05:30 ,    79.41 ,        35 ,      21
         379 ,2024-04-28 05:30:00+05:30 ,    74.39 ,       334 ,      21
         395 ,2020-07-16 05:30:00+05:30 ,    99.43 ,       175 ,      22
         567 ,2021-08-27 05:30:00+05:30 ,    94.75 ,       658 ,      22
         433 ,2024-01-03 05:30:00+05:30 ,    89.45 ,       566 ,      22
         686 ,2021-05-28 05:30:00+05:30 ,    81.27 ,        22 ,      23
         534 ,2020-05-24 05:30:00+05:30 ,    74.04 ,       791 ,      23
         571 ,2020-05-04 05:30:00+05:30 ,    27.56 ,       329 ,      23
         311 ,2021-10-29 05:30:00+05:30 ,    96.05 ,       381 ,      24
         601 ,2022-12-26 05:30:00+05:30 ,    94.87 ,       885 ,      24
          17 ,2023-12-01 05:30:00+05:30 ,    92.82 ,        62 ,      24
          15 ,2022-06-10 05:30:00+05:30 ,    96.42 ,       118 ,      25
          35 ,2022-02-12 05:30:00+05:30 ,    89.38 ,       854 ,      25
         885 ,2023-09-30 05:30:00+05:30 ,    87.1  ,       925 ,      25
         350 ,2022-10-17 05:30:00+05:30 ,    89.38 ,        74 ,      26
         182 ,2022-10-10 05:30:00+05:30 ,    79.19 ,         8 ,      26
         255 ,2024-08-03 05:30:00+05:30 ,    68.72 ,       528 ,      26
         175 ,2022-05-21 05:30:00+05:30 ,    87.7  ,       949 ,      27
         977 ,2021-11-19 05:30:00+05:30 ,    85.97 ,       597 ,      27
         496 ,2021-12-28 05:30:00+05:30 ,    83.03 ,       973 ,      27
         600 ,2023-07-03 05:30:00+05:30 ,    94.91 ,       779 ,      28
         961 ,2020-09-19 05:30:00+05:30 ,    40.54 ,       823 ,      28
         943 ,2022-12-02 05:30:00+05:30 ,    29.46 ,       255 ,      28
         574 ,2023-10-08 05:30:00+05:30 ,    97.01 ,       318 ,      29
         745 ,2021-09-28 05:30:00+05:30 ,    92.69 ,       518 ,      29
         986 ,2020-03-07 05:30:00+05:30 ,    85.71 ,       696 ,      29
          89 ,2021-04-21 05:30:00+05:30 ,    93.47 ,       908 ,      30
         430 ,2023-03-20 05:30:00+05:30 ,    82.3  ,       518 ,      30
          60 ,2020-09-18 05:30:00+05:30 ,    61.28 ,       437 ,      30
         796 ,2024-02-29 05:30:00+05:30 ,    86.87 ,        20 ,      31
         318 ,2023-07-10 05:30:00+05:30 ,    67.1  ,       827 ,      31
         285 ,2020-04-18 05:30:00+05:30 ,    64.78 ,       179 ,      31
         965 ,2023-11-21 05:30:00+05:30 ,    96.01 ,       638 ,      32
         292 ,2020-10-27 05:30:00+05:30 ,    95.03 ,       706 ,      32
         461 ,2023-09-15 05:30:00+05:30 ,    56.56 ,       874 ,      32
         828 ,2024-04-13 05:30:00+05:30 ,    94.87 ,       270 ,      33
         351 ,2024-05-13 05:30:00+05:30 ,    82.71 ,       342 ,      33
         546 ,2023-03-03 05:30:00+05:30 ,    72.83 ,       743 ,      33
         647 ,2020-01-19 05:30:00+05:30 ,    99.03 ,       328 ,      34
          41 ,2022-05-25 05:30:00+05:30 ,    86.09 ,       555 ,      34
         271 ,2022-07-26 05:30:00+05:30 ,    79.32 ,       380 ,      34
         773 ,2024-09-13 05:30:00+05:30 ,    76.59 ,       615 ,      35
         706 ,2020-04-22 05:30:00+05:30 ,    36.93 ,       331 ,      35
         123 ,2023-02-26 05:30:00+05:30 ,          ,       963 ,      35
         665 ,2024-04-13 05:30:00+05:30 ,    97.56 ,       449 ,      36
          44 ,2022-12-24 05:30:00+05:30 ,    89.86 ,       318 ,      36
         639 ,2023-11-20 05:30:00+05:30 ,    86.97 ,       779 ,      36
         589 ,2023-09-27 05:30:00+05:30 ,    77.76 ,       343 ,      37
         157 ,2020-04-17 05:30:00+05:30 ,    58.35 ,       803 ,      37
         380 ,2021-03-17 05:30:00+05:30 ,    35.06 ,       465 ,      37
          32 ,2021-08-29 05:30:00+05:30 ,    87.08 ,       295 ,      38
         758 ,2023-01-07 05:30:00+05:30 ,    84.8  ,       517 ,      38
         130 ,2023-04-30 05:30:00+05:30 ,    67.88 ,       288 ,      38
         210 ,2021-06-17 05:30:00+05:30 ,    74.28 ,       701 ,      39
          51 ,2021-10-17 05:30:00+05:30 ,    71.84 ,       464 ,      39
         761 ,2024-05-08 05:30:00+05:30 ,    69.35 ,       101 ,      39
         682 ,2022-05-26 05:30:00+05:30 ,    82.61 ,       928 ,      40
         362 ,2020-04-02 05:30:00+05:30 ,    71.87 ,        44 ,      40
         333 ,2021-08-07 05:30:00+05:30 ,    29.52 ,       223 ,      40
         177 ,2023-01-23 05:30:00+05:30 ,    91.11 ,        51 ,      41
         975 ,2021-03-18 05:30:00+05:30 ,    57.41 ,       506 ,      41
           6 ,2023-06-04 05:30:00+05:30 ,    45.26 ,       384 ,      41
         238 ,2020-01-25 05:30:00+05:30 ,    69.08 ,       304 ,      42
         458 ,2022-10-02 05:30:00+05:30 ,    32.87 ,       513 ,      42
         568 ,2023-03-31 05:30:00+05:30 ,    26.38 ,       552 ,      42
         286 ,2023-10-18 05:30:00+05:30 ,    91.78 ,       369 ,      43
          18 ,2023-04-21 05:30:00+05:30 ,    65.2  ,       826 ,      43
         563 ,2023-07-31 05:30:00+05:30 ,    43.79 ,       793 ,      43
         626 ,2021-12-14 05:30:00+05:30 ,    94.73 ,       962 ,      44
         573 ,2021-07-16 05:30:00+05:30 ,    91.33 ,        62 ,      44
         358 ,2021-06-19 05:30:00+05:30 ,    76.96 ,       505 ,      44
         503 ,2023-11-03 05:30:00+05:30 ,    99.36 ,        79 ,      45
         634 ,2020-07-22 05:30:00+05:30 ,    95.99 ,       957 ,      45
         441 ,2023-01-06 05:30:00+05:30 ,    88.01 ,       788 ,      45
         266 ,2022-08-25 05:30:00+05:30 ,    78.8  ,       678 ,      46
         505 ,2020-02-22 05:30:00+05:30 ,    76.35 ,        66 ,      46
         633 ,2022-05-05 05:30:00+05:30 ,    74.22 ,       983 ,      46
         469 ,2020-05-08 05:30:00+05:30 ,    76.48 ,       240 ,      47
         391 ,2022-03-23 05:30:00+05:30 ,    71.59 ,       768 ,      47
         676 ,2022-06-18 05:30:00+05:30 ,    71.49 ,       574 ,      47
         766 ,2020-08-09 05:30:00+05:30 ,    98.06 ,       844 ,      48
          63 ,2020-09-21 05:30:00+05:30 ,    87.78 ,       344 ,      48
         861 ,2021-12-17 05:30:00+05:30 ,    85.1  ,       288 ,      48
         146 ,2022-06-28 05:30:00+05:30 ,    71.7  ,       576 ,      49
          85 ,2023-11-14 05:30:00+05:30 ,    66.88 ,       524 ,      49
         562 ,2021-07-19 05:30:00+05:30 ,    25.17 ,       467 ,      49
         303 ,2022-12-23 05:30:00+05:30 ,    95.08 ,       700 ,      50
         649 ,2023-09-24 05:30:00+05:30 ,    89.3  ,       282 ,      50
         313 ,2023-02-13 05:30:00+05:30 ,    75.16 ,       794 ,      50
         518 ,2020-03-02 05:30:00+05:30 ,    77.1  ,       695 ,      51
         947 ,2021-11-28 05:30:00+05:30 ,    69.6  ,       298 ,      51
          95 ,2022-07-16 05:30:00+05:30 ,    56.93 ,       977 ,      51
         228 ,2022-09-26 05:30:00+05:30 ,    98.07 ,       378 ,      52
         653 ,2023-09-23 05:30:00+05:30 ,    87.89 ,       970 ,      52
         740 ,2022-12-22 05:30:00+05:30 ,    69.14 ,       139 ,      52
         608 ,2023-05-23 05:30:00+05:30 ,    81.99 ,        78 ,      53
         120 ,2022-09-13 05:30:00+05:30 ,    68.71 ,       650 ,      53
         329 ,2021-02-01 05:30:00+05:30 ,    62.71 ,       495 ,      53
         552 ,2024-08-10 05:30:00+05:30 ,    98.33 ,       720 ,      54
         128 ,2021-09-05 05:30:00+05:30 ,    85.69 ,       665 ,      54
         558 ,2024-07-29 05:30:00+05:30 ,    67.15 ,       256 ,      54
         317 ,2023-05-08 05:30:00+05:30 ,    99.6  ,       820 ,      55
         783 ,2021-07-24 05:30:00+05:30 ,    93.63 ,        39 ,      55
         193 ,2022-11-13 05:30:00+05:30 ,    84.69 ,        97 ,      55
         452 ,2024-02-28 05:30:00+05:30 ,    71.8  ,       448 ,      56
         244 ,2024-03-15 05:30:00+05:30 ,    65.22 ,       387 ,      56
         319 ,2020-05-05 05:30:00+05:30 ,    60.69 ,       587 ,      56
         511 ,2023-06-15 05:30:00+05:30 ,    92.74 ,       342 ,      57
         402 ,2020-12-22 05:30:00+05:30 ,    76.05 ,       849 ,      57
         949 ,2020-04-06 05:30:00+05:30 ,    66.85 ,       323 ,      57
         830 ,2021-05-30 05:30:00+05:30 ,    60.98 ,       834 ,      58
         777 ,2024-06-09 05:30:00+05:30 ,    39.97 ,       685 ,      58
         588 ,2023-11-06 05:30:00+05:30 ,    19.16 ,       436 ,      58
         726 ,2021-12-25 05:30:00+05:30 ,    76.23 ,       867 ,      59
         763 ,2023-09-23 05:30:00+05:30 ,    66.98 ,       398 ,      59
         669 ,2021-12-13 05:30:00+05:30 ,    55.44 ,       241 ,      59
         399 ,2022-01-12 05:30:00+05:30 ,    96.45 ,       470 ,      60
         346 ,2021-01-26 05:30:00+05:30 ,    92.32 ,       497 ,      60
         798 ,2024-06-03 05:30:00+05:30 ,    72.93 ,       539 ,      60
         833 ,2021-12-01 05:30:00+05:30 ,     0.74 ,       753 ,      61
         181 ,2021-01-25 05:30:00+05:30 ,          ,       879 ,      61
         287 ,2021-11-12 05:30:00+05:30 ,          ,       681 ,      61
         936 ,2023-02-21 05:30:00+05:30 ,    85.3  ,       254 ,      62
         189 ,2021-05-17 05:30:00+05:30 ,    82.63 ,       342 ,      62
         247 ,2023-12-06 05:30:00+05:30 ,    81.74 ,       812 ,      62
         677 ,2020-03-07 05:30:00+05:30 ,    93.19 ,       612 ,      63
         640 ,2024-07-20 05:30:00+05:30 ,    87.52 ,       144 ,      63
         655 ,2022-10-11 05:30:00+05:30 ,    84.48 ,       682 ,      63
          28 ,2021-07-11 05:30:00+05:30 ,    93.16 ,       926 ,      64
         427 ,2022-05-23 05:30:00+05:30 ,    82.28 ,       516 ,      64
         684 ,2020-04-10 05:30:00+05:30 ,    77.7  ,       570 ,      64
         327 ,2024-04-04 05:30:00+05:30 ,    86.02 ,       530 ,      65
         691 ,2020-01-28 05:30:00+05:30 ,    80.72 ,       167 ,      65
         764 ,2021-01-08 05:30:00+05:30 ,    54.5  ,        67 ,      65
         661 ,2020-05-06 05:30:00+05:30 ,    54.91 ,       732 ,      66
         950 ,2022-09-22 05:30:00+05:30 ,    54.5  ,       138 ,      66
         671 ,2023-09-01 05:30:00+05:30 ,    52.78 ,       515 ,      66
         412 ,2020-11-09 05:30:00+05:30 ,    89.99 ,       480 ,      67
         715 ,2023-04-21 05:30:00+05:30 ,    71.35 ,       839 ,      67
         869 ,2020-12-30 05:30:00+05:30 ,    53.7  ,       867 ,      67
         685 ,2022-09-13 05:30:00+05:30 ,    88.69 ,       558 ,      68
         578 ,2022-06-08 05:30:00+05:30 ,    88.29 ,       660 ,      68
         846 ,2023-01-26 05:30:00+05:30 ,    85.47 ,       567 ,      68
         217 ,2021-05-02 05:30:00+05:30 ,    91.27 ,       227 ,      69
         908 ,2023-07-29 05:30:00+05:30 ,    79.44 ,       566 ,      69
          25 ,2021-04-05 05:30:00+05:30 ,    46.45 ,       447 ,      69
         852 ,2024-03-07 05:30:00+05:30 ,    95.42 ,       763 ,      70
         652 ,2023-11-10 05:30:00+05:30 ,    77.15 ,       621 ,      70
         164 ,2023-02-07 05:30:00+05:30 ,    71.87 ,        66 ,      70
         376 ,2023-12-28 05:30:00+05:30 ,    71.67 ,       856 ,      71
         226 ,2024-09-23 05:30:00+05:30 ,    67.34 ,       116 ,      71
         971 ,2022-01-19 05:30:00+05:30 ,    51.71 ,       558 ,      71
         483 ,2024-04-22 05:30:00+05:30 ,    99.82 ,       120 ,      72
         107 ,2022-02-06 05:30:00+05:30 ,    85.66 ,       596 ,      72
         408 ,2024-09-06 05:30:00+05:30 ,    82.14 ,       858 ,      72
         284 ,2020-05-20 05:30:00+05:30 ,    94.26 ,       375 ,      73
         942 ,2021-03-18 05:30:00+05:30 ,    49.38 ,       465 ,      73
         922 ,2021-11-04 05:30:00+05:30 ,    48.23 ,       800 ,      73
         330 ,2021-12-08 05:30:00+05:30 ,    93.82 ,       912 ,      74
         339 ,2022-03-14 05:30:00+05:30 ,    78.16 ,        76 ,      74
         425 ,2022-10-15 05:30:00+05:30 ,    75.91 ,       479 ,      74
         978 ,2024-06-06 05:30:00+05:30 ,    83.72 ,       434 ,      75
         612 ,2022-04-01 05:30:00+05:30 ,    72.55 ,       560 ,      75
         436 ,2023-03-31 05:30:00+05:30 ,    22.76 ,       529 ,      75
         725 ,2020-12-08 05:30:00+05:30 ,    99.94 ,       450 ,      76
         952 ,2022-01-05 05:30:00+05:30 ,    89.62 ,       526 ,      76
         507 ,2021-10-20 05:30:00+05:30 ,    74.33 ,       722 ,      76
         440 ,2022-07-03 05:30:00+05:30 ,    86.9  ,       809 ,      77
         513 ,2023-11-19 05:30:00+05:30 ,    73.44 ,       576 ,      77
         162 ,2020-12-30 05:30:00+05:30 ,    62.23 ,       756 ,      77
         204 ,2022-04-15 05:30:00+05:30 ,    87.92 ,       468 ,      78
         900 ,2024-06-24 05:30:00+05:30 ,    84.32 ,       812 ,      78
          93 ,2021-09-07 05:30:00+05:30 ,    80.36 ,       322 ,      78
           3 ,2020-01-01 05:30:00+05:30 ,    99.06 ,       182 ,      79
         357 ,2024-09-01 05:30:00+05:30 ,    88.46 ,       188 ,      79
         149 ,2020-06-03 05:30:00+05:30 ,    57.31 ,        62 ,      79
         704 ,2023-09-18 05:30:00+05:30 ,    83.15 ,       244 ,      80
         807 ,2023-10-19 05:30:00+05:30 ,    75.44 ,       473 ,      80
         150 ,2021-01-02 05:30:00+05:30 ,    75.04 ,       108 ,      80
         416 ,2023-07-11 05:30:00+05:30 ,    88.76 ,       980 ,      81
         225 ,2020-01-06 05:30:00+05:30 ,    81.85 ,       532 ,      81
         886 ,2020-03-04 05:30:00+05:30 ,    72.17 ,       149 ,      81
          84 ,2024-02-24 05:30:00+05:30 ,    87.72 ,        86 ,      82
         576 ,2023-04-14 05:30:00+05:30 ,    80.34 ,       928 ,      82
         631 ,2020-03-06 05:30:00+05:30 ,    74.98 ,       898 ,      82
         548 ,2020-03-22 05:30:00+05:30 ,    94.81 ,        91 ,      83
         232 ,2023-10-19 05:30:00+05:30 ,    94.06 ,       383 ,      83
         341 ,2024-06-28 05:30:00+05:30 ,    89.24 ,       616 ,      83
         887 ,2020-01-26 05:30:00+05:30 ,    83.13 ,       169 ,      84
         269 ,2020-06-04 05:30:00+05:30 ,    74.45 ,       699 ,      84
          47 ,2022-12-13 05:30:00+05:30 ,    60.66 ,       658 ,      84
         793 ,2022-04-07 05:30:00+05:30 ,    80.82 ,       380 ,      85
         371 ,2024-02-18 05:30:00+05:30 ,    67.14 ,        18 ,      85
         353 ,2021-07-25 05:30:00+05:30 ,    39.73 ,       531 ,      85
         451 ,2021-09-26 05:30:00+05:30 ,    86.62 ,       786 ,      86
         315 ,2024-08-08 05:30:00+05:30 ,    78.39 ,        74 ,      86
         544 ,2024-06-16 05:30:00+05:30 ,    64.4  ,       880 ,      86
         918 ,2022-07-04 05:30:00+05:30 ,    97.74 ,       956 ,      87
         722 ,2024-02-06 05:30:00+05:30 ,    94.3  ,       487 ,      87
         510 ,2020-01-01 05:30:00+05:30 ,    93.36 ,       485 ,      87
         831 ,2022-11-07 05:30:00+05:30 ,    91.05 ,       300 ,      88
         455 ,2022-02-16 05:30:00+05:30 ,    74.8  ,       158 ,      88
          16 ,2023-09-17 05:30:00+05:30 ,    68.47 ,       932 ,      88
         421 ,2022-07-25 05:30:00+05:30 ,    89.46 ,       275 ,      89
         714 ,2020-12-25 05:30:00+05:30 ,    78.16 ,       737 ,      89
         224 ,2023-07-30 05:30:00+05:30 ,    70.75 ,       586 ,      89
         749 ,2022-10-11 05:30:00+05:30 ,    69.06 ,       244 ,      90
         407 ,2020-05-10 05:30:00+05:30 ,    40.25 ,       732 ,      90
         561 ,2024-05-03 05:30:00+05:30 ,    36.05 ,       208 ,      90
         674 ,2021-05-12 05:30:00+05:30 ,    60.01 ,        50 ,      91
         543 ,2022-12-02 05:30:00+05:30 ,    56.94 ,       148 ,      91
         536 ,2023-04-09 05:30:00+05:30 ,    53.88 ,       939 ,      91
         910 ,2021-06-20 05:30:00+05:30 ,    88.51 ,       315 ,      92
         282 ,2020-05-29 05:30:00+05:30 ,    87.98 ,       590 ,      92
         587 ,2023-09-27 05:30:00+05:30 ,    67.9  ,       516 ,      92
         611 ,2020-02-19 05:30:00+05:30 ,    94.25 ,       618 ,      93
         979 ,2020-12-06 05:30:00+05:30 ,    78.31 ,       279 ,      93
         538 ,2022-09-17 05:30:00+05:30 ,    67.61 ,       105 ,      93
         111 ,2023-06-14 05:30:00+05:30 ,    99.86 ,       421 ,      94
          52 ,2022-05-21 05:30:00+05:30 ,    93.97 ,       485 ,      94
         153 ,2020-04-14 05:30:00+05:30 ,    47.97 ,       305 ,      94
         711 ,2021-07-26 05:30:00+05:30 ,    81.46 ,       847 ,      95
         879 ,2020-09-21 05:30:00+05:30 ,    75.19 ,       385 ,      95
         524 ,2024-06-12 05:30:00+05:30 ,    53.77 ,       207 ,      95
         260 ,2022-09-05 05:30:00+05:30 ,    93.83 ,       252 ,      96
         924 ,2022-08-11 05:30:00+05:30 ,    73.9  ,       321 ,      96
         812 ,2023-07-16 05:30:00+05:30 ,    57.55 ,       544 ,      96
           8 ,2023-07-15 05:30:00+05:30 ,    98.28 ,       742 ,      97
         256 ,2022-01-12 05:30:00+05:30 ,    97.87 ,       677 ,      97
         102 ,2022-10-22 05:30:00+05:30 ,    92.62 ,       232 ,      97
         200 ,2020-02-28 05:30:00+05:30 ,    88.78 ,       447 ,      98
         754 ,2024-07-03 05:30:00+05:30 ,    63.42 ,       114 ,      98
         955 ,2020-09-19 05:30:00+05:30 ,    57.46 ,       423 ,      98
         300 ,2024-03-17 05:30:00+05:30 ,    90.62 ,        84 ,      99
         230 ,2023-11-01 05:30:00+05:30 ,    87.16 ,       633 ,      99
         572 ,2022-09-25 05:30:00+05:30 ,    76.4  ,       402 ,      99
         981 ,2024-05-31 05:30:00+05:30 ,    98.1  ,       442 ,     100
         424 ,2021-09-30 05:30:00+05:30 ,    83.89 ,       794 ,     100
         229 ,2022-12-09 05:30:00+05:30 ,    74.76 ,       454 ,     100
